brand,views,carts,purchases,view_to_cart_rate,cart_to_purchase_rate,view_to_purchase_rate
noreve,2,0,7,0.0,0.0,3.5
polaroid,3,1,3,0.3333333333333333,3.0,1.0
accesstyle,2,1,2,0.5,2.0,1.0
yeastar,14,2,9,0.14285714285714285,4.5,0.6428571428571429
marvo,3,1,1,0.3333333333333333,1.0,0.3333333333333333
printpro,51,8,13,0.1568627450980392,1.625,0.2549019607843137
mobparts,13,6,3,0.46153846153846156,0.5,0.23076923076923078
atrix,5,1,1,0.2,1.0,0.2
klevv,5,1,1,0.2,1.0,0.2
codyson,365,63,71,0.1726027397260274,1.126984126984127,0.19452054794520549
trassir,21,2,4,0.09523809523809523,2.0,0.19047619047619047
alphachem,17,4,3,0.23529411764705882,0.75,0.17647058823529413
pmma,127,24,21,0.1889763779527559,0.875,0.16535433070866143
universal,73,7,12,0.0958904109589041,1.7142857142857142,0.1643835616438356
rus,25,2,4,0.08,2.0,0.16
redline,45,4,7,0.08888888888888889,1.75,0.15555555555555556
magner,13,1,2,0.07692307692307693,2.0,0.15384615384615385
solder,47,3,7,0.06382978723404255,2.3333333333333335,0.14893617021276595
nv-print,2825,401,416,0.14194690265486726,1.0374064837905237,0.14725663716814158
content,166,29,24,0.1746987951807229,0.8275862068965517,0.14457831325301204
hgst,56,8,8,0.14285714285714285,1.0,0.14285714285714285
hipro,28,4,4,0.14285714285714285,1.0,0.14285714285714285
leitz,14,3,2,0.21428571428571427,0.6666666666666666,0.14285714285714285
luxele,36,3,5,0.08333333333333333,1.6666666666666667,0.1388888888888889
keenetic,701,91,94,0.12981455064194009,1.032967032967033,0.1340941512125535
saitek,750,118,97,0.15733333333333333,0.8220338983050848,0.12933333333333333
p.i.t,604,65,77,0.1076158940397351,1.1846153846153846,0.12748344370860928
fanvil,40,6,5,0.15,0.8333333333333334,0.125
imex,40,5,5,0.125,1.0,0.125
rokform,8,1,1,0.125,1.0,0.125
fluke,121,11,15,0.09090909090909091,1.3636363636363635,0.12396694214876033
osnovo,17,2,2,0.11764705882352941,1.0,0.11764705882352941
sapphire,8019,1440,917,0.17957351290684623,0.6368055555555555,0.11435341064970694
verus,53,10,6,0.18867924528301888,0.6,0.11320754716981132
gillette,45,2,5,0.044444444444444446,2.5,0.1111111111111111
avaya,9,1,1,0.1111111111111111,1.0,0.1111111111111111
sago,9,1,1,0.1111111111111111,1.0,0.1111111111111111
canyon,633,64,70,0.10110584518167456,1.09375,0.11058451816745656
steelseries,1385,211,145,0.1523465703971119,0.6872037914691943,0.10469314079422383
navigator,49,6,5,0.12244897959183673,0.8333333333333334,0.10204081632653061
pantum,2911,310,295,0.10649261422191687,0.9516129032258065,0.10133974579182412
brother,2044,235,207,0.1149706457925636,0.8808510638297873,0.1012720156555773
gigaset,386,42,39,0.10880829015544041,0.9285714285714286,0.10103626943005181
yixing,60,10,6,0.16666666666666666,0.6,0.1
tomoegawa,30,5,3,0.16666666666666666,0.6,0.1
kutis,20,2,2,0.1,1.0,0.1
toshiba,487,61,48,0.12525667351129363,0.7868852459016393,0.09856262833675565
ballistix,312,40,30,0.1282051282051282,0.75,0.09615384615384616
svetocopy,157,12,15,0.07643312101910828,1.25,0.09554140127388536
zebra,273,41,26,0.15018315018315018,0.6341463414634146,0.09523809523809523
gbc,53,7,5,0.1320754716981132,0.7142857142857143,0.09433962264150944
ubiquiti,723,62,68,0.08575380359612725,1.096774193548387,0.09405255878284924
western,32,8,3,0.25,0.375,0.09375
vlk,108,11,10,0.10185185185185185,0.9090909090909091,0.09259259259259259
sandisk,1042,123,96,0.118042226487524,0.7804878048780488,0.09213051823416507
positive,66,6,6,0.09090909090909091,1.0,0.09090909090909091
cello,11,1,1,0.09090909090909091,1.0,0.09090909090909091
netproduct,310,34,28,0.10967741935483871,0.8235294117647058,0.09032258064516129
msi,19941,3135,1788,0.15721378065292613,0.570334928229665,0.08966451030540093
muvit,134,15,12,0.11194029850746269,0.8,0.08955223880597014
apacer,393,67,35,0.17048346055979643,0.5223880597014925,0.089058524173028
sennheiser,451,45,40,0.09977827050997783,0.8888888888888888,0.08869179600886919
nanoleaf,79,10,7,0.12658227848101267,0.7,0.08860759493670886
cbr,1087,119,95,0.10947562097516099,0.7983193277310925,0.08739650413983441
ibox,117,12,10,0.10256410256410256,0.8333333333333334,0.08547008547008547
superfine,380,50,32,0.13157894736842105,0.64,0.08421052631578947
moodo,24,3,2,0.125,0.6666666666666666,0.08333333333333333
millennium,12,1,1,0.08333333333333333,1.0,0.08333333333333333
romix,12,1,1,0.08333333333333333,1.0,0.08333333333333333
cactus,4810,453,400,0.09417879417879418,0.8830022075055187,0.08316008316008316
seagate,1063,136,88,0.1279397930385701,0.6470588235294118,0.08278457196613359
onkron,133,13,11,0.09774436090225563,0.8461538461538461,0.08270676691729323
amega,73,10,6,0.136986301369863,0.6,0.0821917808219178
e.o.s,50,3,4,0.06,1.3333333333333333,0.08
rapoo,401,26,32,0.06483790523690773,1.2307692307692308,0.0798004987531172
mobilepc,3324,294,260,0.08844765342960288,0.8843537414965986,0.07821901323706378
zetton,334,30,26,0.08982035928143713,0.8666666666666667,0.07784431137724551
powercolor,3506,461,272,0.13148887621220764,0.5900216919739696,0.0775812892184826
accord,1426,162,110,0.11360448807854137,0.6790123456790124,0.07713884992987377
gigabyte,22759,3152,1741,0.13849466145261216,0.5523477157360406,0.0764972098949866
sirius,9767,897,742,0.09183986894645234,0.8272017837235228,0.07597010340943995
kromax,1463,114,111,0.07792207792207792,0.9736842105263158,0.0758714969241285
fubag,2578,228,194,0.08844065166795965,0.8508771929824561,0.07525213343677269
urban,80,8,6,0.1,0.75,0.075
crucial,388,60,29,0.15463917525773196,0.48333333333333334,0.07474226804123711
epson,6204,580,462,0.09348807221147647,0.7965517241379311,0.07446808510638298
fujitsu-siemens,27,2,2,0.07407407407407407,1.0,0.07407407407407407
chieftec,989,144,73,0.14560161779575329,0.5069444444444444,0.07381193124368049
dyp,68,6,5,0.08823529411764706,0.8333333333333334,0.07352941176470588
logitech,4164,360,306,0.08645533141210375,0.85,0.07348703170028818
kenweiipc,218,23,16,0.10550458715596331,0.6956521739130435,0.07339449541284404
acmepower,110,6,8,0.05454545454545454,1.3333333333333333,0.07272727272727272
topon,6545,523,474,0.0799083269671505,0.9063097514340345,0.07242169595110771
hyperx,1248,219,90,0.17548076923076922,0.410958904109589,0.07211538461538461
continent,209,9,15,0.0430622009569378,1.6666666666666667,0.07177033492822966
explay,14,1,1,0.07142857142857142,1.0,0.07142857142857142
hp,9706,785,691,0.08087780754172677,0.8802547770700637,0.0711930764475582
masters,99,8,7,0.08080808080808081,0.875,0.0707070707070707
gladwork,85,11,6,0.12941176470588237,0.5454545454545454,0.07058823529411765
sega,1065,92,75,0.0863849765258216,0.8152173913043478,0.07042253521126761
ombra,388,41,27,0.1056701030927835,0.6585365853658537,0.06958762886597938
skymoto,145,14,10,0.09655172413793103,0.7142857142857143,0.06896551724137931
hiper,160,11,11,0.06875,1.0,0.06875
microsoft,2192,229,150,0.10447080291970803,0.6550218340611353,0.06843065693430657
celly,323,26,22,0.0804953560371517,0.8461538461538461,0.06811145510835913
harizma,163,15,11,0.09202453987730061,0.7333333333333333,0.06748466257668712
hyperdrive,15,1,1,0.06666666666666667,1.0,0.06666666666666667
spigen,1654,110,110,0.06650544135429262,1.0,0.06650544135429262
pilotage,655,53,43,0.08091603053435115,0.8113207547169812,0.06564885496183206
dewalt,872,62,57,0.07110091743119266,0.9193548387096774,0.06536697247706422
canon,16034,1351,1045,0.08425845079206686,0.7735011102886751,0.0651740052388674
hi-black,1023,93,66,0.09090909090909091,0.7096774193548387,0.06451612903225806
metabo,1803,124,116,0.06877426511369938,0.9354838709677419,0.06433721575152523
huayu,110,7,7,0.06363636363636363,1.0,0.06363636363636363
asrock,8243,871,523,0.10566541307776295,0.600459242250287,0.06344777386873711
mikrotik,1562,135,98,0.08642765685019206,0.725925925925926,0.06274007682458387
kenwood,2364,167,148,0.0706429780033841,0.8862275449101796,0.06260575296108291
kingmax,16,3,1,0.1875,0.3333333333333333,0.0625
parkmaster,369,23,23,0.06233062330623306,1.0,0.06233062330623306
ultramounts,161,11,10,0.06832298136645963,0.9090909090909091,0.062111801242236024
and,98,10,6,0.10204081632653061,0.6,0.061224489795918366
targus,214,8,13,0.037383177570093455,1.625,0.06074766355140187
ipega,664,49,40,0.07379518072289157,0.8163265306122449,0.060240963855421686
pocketbook,2910,227,175,0.07800687285223368,0.7709251101321586,0.06013745704467354
casio,468,35,28,0.07478632478632478,0.8,0.05982905982905983
mxq,117,8,7,0.06837606837606838,0.875,0.05982905982905983
gefest,502,31,30,0.061752988047808766,0.967741935483871,0.05976095617529881
oki,251,29,15,0.11553784860557768,0.5172413793103449,0.05976095617529881
zyxel,569,33,34,0.05799648506151142,1.0303030303030303,0.05975395430579965
hiwatch,67,5,4,0.07462686567164178,0.8,0.05970149253731343
amd,17176,1899,1020,0.1105612482533768,0.5371248025276462,0.05938518863530508
xerox,2496,179,148,0.07171474358974358,0.8268156424581006,0.05929487179487179
pitatel,5434,355,320,0.0653294074346706,0.9014084507042254,0.05888847994111152
foxline,187,10,11,0.053475935828877004,1.1,0.058823529411764705
edifier,4319,289,251,0.06691363741606854,0.8685121107266436,0.058115304468627
iiyama,346,36,20,0.10404624277456648,0.5555555555555556,0.057803468208092484
corsair,1238,130,71,0.1050080775444265,0.5461538461538461,0.05735056542810985
resmed,140,12,8,0.08571428571428572,0.6666666666666666,0.05714285714285714
catalyst,35,4,2,0.11428571428571428,0.5,0.05714285714285714
termit,158,6,9,0.0379746835443038,1.5,0.056962025316455694
tripplite,106,7,6,0.0660377358490566,0.8571428571428571,0.05660377358490566
aukey,90,4,5,0.044444444444444446,1.25,0.05555555555555555
pioneer,10155,749,559,0.07375677006400788,0.7463284379172229,0.05504677498769079
hikoki,110,4,6,0.03636363636363636,1.5,0.05454545454545454
plextor,55,4,3,0.07272727272727272,0.75,0.05454545454545454
ricoh,1379,92,75,0.06671501087744743,0.8152173913043478,0.05438723712835388
rekam,184,9,10,0.04891304347826087,1.1111111111111112,0.05434782608695652
comfort,258,21,14,0.08139534883720931,0.6666666666666666,0.05426356589147287
honeywell,37,1,2,0.02702702702702703,2.0,0.05405405405405406
uninet,112,12,6,0.10714285714285714,0.5,0.05357142857142857
bort,4184,244,224,0.058317399617590825,0.9180327868852459,0.05353728489483748
duracell,187,11,10,0.058823529411764705,0.9090909090909091,0.053475935828877004
sencor,113,8,6,0.07079646017699115,0.75,0.05309734513274336
cougar,303,24,16,0.07920792079207921,0.6666666666666666,0.052805280528052806
chairman,304,26,16,0.08552631578947369,0.6153846153846154,0.05263157894736842
acecamp,38,3,2,0.07894736842105263,0.6666666666666666,0.05263157894736842
wolta,96,7,5,0.07291666666666667,0.7142857142857143,0.052083333333333336
irbis,941,63,49,0.0669500531349628,0.7777777777777778,0.052072263549415514
i-blason,327,17,17,0.05198776758409786,1.0,0.05198776758409786
asus,24271,2128,1261,0.08767665114745993,0.5925751879699248,0.05195500803427959
lucia,97,9,5,0.09278350515463918,0.5555555555555556,0.05154639175257732
aoc,604,48,31,0.07947019867549669,0.6458333333333334,0.05132450331125828
dayrex,39,2,2,0.05128205128205128,1.0,0.05128205128205128
hynix,293,25,15,0.08532423208191127,0.6,0.051194539249146756
coocazoo,236,27,12,0.11440677966101695,0.4444444444444444,0.05084745762711865
netis,59,2,3,0.03389830508474576,1.5,0.05084745762711865
palit,21469,2241,1077,0.10438306395267595,0.48058902275769744,0.05016535469747077
digoldy,20,1,1,0.05,1.0,0.05
Unknown,190210,12522,9500,0.06583250092003574,0.7586647500399297,0.04994479785500237
optoma,81,4,4,0.04938271604938271,1.0,0.04938271604938271
soundstream,81,5,4,0.06172839506172839,0.8,0.04938271604938271
zalman,3765,269,184,0.07144754316069057,0.6840148698884758,0.048871181938911025
benq,945,84,46,0.08888888888888889,0.5476190476190477,0.04867724867724868
huawei,3010,210,145,0.06976744186046512,0.6904761904761905,0.04817275747508306
crown,970,56,46,0.0577319587628866,0.8214285714285714,0.04742268041237113
heddy,43,4,2,0.09302325581395349,0.5,0.046511627906976744
palmexx,7139,448,332,0.06275388709903348,0.7410714285714286,0.04650511276089088
qumo,797,32,37,0.04015056461731493,1.15625,0.04642409033877039
ncp,108,11,5,0.10185185185185185,0.45454545454545453,0.046296296296296294
procase,415,26,19,0.06265060240963856,0.7307692307692307,0.04578313253012048
alas,2280,128,104,0.056140350877192984,0.8125,0.0456140350877193
darina,66,2,3,0.030303030303030304,1.5,0.045454545454545456
navitel,1763,86,80,0.04878048780487805,0.9302325581395349,0.04537719795802609
p.i.t.,2569,141,116,0.05488516932658622,0.8226950354609929,0.04515375632541845
kingston,2583,229,114,0.0886566008517228,0.4978165938864629,0.04413472706155633
berkut,1813,120,80,0.06618863761720904,0.6666666666666666,0.0441257584114727
favourite,1273,76,56,0.05970149253731343,0.7368421052631579,0.04399057344854674
kada,1102,73,48,0.0662431941923775,0.6575342465753424,0.043557168784029036
pilot,92,6,4,0.06521739130434782,0.6666666666666666,0.043478260869565216
cigii,23,1,1,0.043478260869565216,1.0,0.043478260869565216
oklick,533,30,23,0.05628517823639775,0.7666666666666667,0.043151969981238276
intel,4643,356,200,0.07667456385957355,0.5617977528089888,0.04307559767391773
aqc,372,23,16,0.06182795698924731,0.6956521739130435,0.043010752688172046
yaxun,140,6,6,0.04285714285714286,1.0,0.04285714285714286
top,234,13,10,0.05555555555555555,0.7692307692307693,0.042735042735042736
ekf,141,4,6,0.028368794326241134,1.5,0.0425531914893617
moxom,380,27,16,0.07105263157894737,0.5925925925925926,0.042105263157894736
falcon,48,2,2,0.041666666666666664,1.0,0.041666666666666664
goip,24,2,1,0.08333333333333333,0.5,0.041666666666666664
optim,194,8,8,0.041237113402061855,1.0,0.041237113402061855
alpine,705,33,29,0.04680851063829787,0.8787878787878788,0.04113475177304964
digma,5453,332,224,0.06088391710984779,0.6746987951807228,0.0410783055198973
dialog,2547,124,104,0.04868472712995681,0.8387096774193549,0.040832351786415394
greenconnect,1746,92,71,0.052691867124856816,0.7717391304347826,0.04066437571592211
tenda,197,11,8,0.05583756345177665,0.7272727272727273,0.04060913705583756
id-cooling,371,33,15,0.0889487870619946,0.45454545454545453,0.04043126684636118
bosch,7531,363,304,0.04820077015004647,0.837465564738292,0.04036648519452928
thermaltake,2487,155,100,0.06232408524326498,0.6451612903225806,0.04020908725371934
gorenje,1722,140,69,0.08130081300813008,0.4928571428571429,0.04006968641114982
sven,1873,127,75,0.06780565936999466,0.5905511811023622,0.0400427122263748
creative,703,37,28,0.05263157894736842,0.7567567567567568,0.03982930298719772
redragon,478,38,19,0.0794979079497908,0.5,0.0397489539748954
transcend,2528,150,100,0.05933544303797468,0.6666666666666666,0.03955696202531646
blast,1758,82,69,0.04664391353811149,0.8414634146341463,0.03924914675767918
jisoncase,51,2,2,0.0392156862745098,1.0,0.0392156862745098
morel,664,33,26,0.04969879518072289,0.7878787878787878,0.0391566265060241
lomond,946,54,37,0.05708245243128964,0.6851851851851852,0.039112050739957716
camelion,592,29,23,0.048986486486486486,0.7931034482758621,0.03885135135135135
elp,520,29,20,0.05576923076923077,0.6896551724137931,0.038461538461538464
jbl,2250,111,86,0.04933333333333333,0.7747747747747747,0.03822222222222222
starwind,3344,209,126,0.0625,0.6028708133971292,0.037679425837320576
jvc,3102,152,116,0.049000644745325596,0.7631578947368421,0.037395228884590584
anytek,107,4,4,0.037383177570093455,1.0,0.037383177570093455
acv,5490,243,205,0.04426229508196721,0.8436213991769548,0.037340619307832425
uniq,27,1,1,0.037037037037037035,1.0,0.037037037037037035
cyberflux,190,8,7,0.042105263157894736,0.875,0.03684210526315789
ldnio,82,3,3,0.036585365853658534,1.0,0.036585365853658534
plantronics,385,22,14,0.05714285714285714,0.6363636363636364,0.03636363636363636
sunon,110,7,4,0.06363636363636363,0.5714285714285714,0.03636363636363636
leatherman,194,11,7,0.05670103092783505,0.6363636363636364,0.03608247422680412
portcase,112,8,4,0.07142857142857142,0.5,0.03571428571428571
jabra,28,3,1,0.10714285714285714,0.3333333333333333,0.03571428571428571
samsung,21402,1029,757,0.04807961872722175,0.7356656948493683,0.035370526119054294
acer,765,35,27,0.0457516339869281,0.7714285714285715,0.03529411764705882
megajet,200,6,7,0.03,1.1666666666666667,0.035
motorola,836,48,29,0.05741626794258373,0.6041666666666666,0.034688995215311005
dors,29,1,1,0.034482758620689655,1.0,0.034482758620689655
lunatik,29,2,1,0.06896551724137931,0.5,0.034482758620689655
mindeo,29,4,1,0.13793103448275862,0.25,0.034482758620689655
genius,436,16,15,0.03669724770642202,0.9375,0.034403669724770644
prology,378,10,13,0.026455026455026454,1.3,0.03439153439153439
lukey,412,27,14,0.06553398058252427,0.5185185185185185,0.03398058252427184
cooler,59,5,2,0.0847457627118644,0.4,0.03389830508474576
cameronsino,5225,209,177,0.04,0.84688995215311,0.0338755980861244
katun,296,16,10,0.05405405405405406,0.625,0.033783783783783786
haier,1009,57,34,0.05649157581764123,0.5964912280701754,0.03369672943508424
batterika,327,14,11,0.04281345565749235,0.7857142857142857,0.03363914373088685
w.e.p,479,22,16,0.04592901878914405,0.7272727272727273,0.033402922755741124
hama,3326,161,111,0.04840649428743235,0.6894409937888198,0.03337342152736019
anker,121,4,4,0.03305785123966942,1.0,0.03305785123966942
oltramax,61,2,2,0.03278688524590164,1.0,0.03278688524590164
itskins,276,12,9,0.043478260869565216,0.75,0.03260869565217391
leef,92,3,3,0.03260869565217391,1.0,0.03260869565217391
kyocera,1473,79,48,0.05363204344874406,0.6075949367088608,0.032586558044806514
inspector,645,23,21,0.03565891472868217,0.9130434782608695,0.03255813953488372
pccooler,707,63,23,0.0891089108910891,0.36507936507936506,0.03253182461103253
funtastique,31,1,1,0.03225806451612903,1.0,0.03225806451612903
makel,31,1,1,0.03225806451612903,1.0,0.03225806451612903
smartbuy,4405,246,142,0.05584562996594779,0.5772357723577236,0.0322360953461975
powercool,311,10,10,0.03215434083601286,1.0,0.03215434083601286
apple,780,51,25,0.06538461538461539,0.49019607843137253,0.03205128205128205
ural,847,33,27,0.03896103896103896,0.8181818181818182,0.031877213695395513
kw-trio,63,5,2,0.07936507936507936,0.4,0.031746031746031744
hoco,1295,45,41,0.03474903474903475,0.9111111111111111,0.03166023166023166
rexant,127,8,4,0.06299212598425197,0.5,0.031496062992125984
candy,286,6,9,0.02097902097902098,1.5,0.03146853146853147
formula,1183,75,37,0.06339814032121724,0.49333333333333335,0.03127641589180051
mercusys,32,1,1,0.03125,1.0,0.03125
agestar,385,22,12,0.05714285714285714,0.5454545454545454,0.03116883116883117
viewsonic,482,25,15,0.05186721991701245,0.6,0.03112033195020747
infinity,259,11,8,0.04247104247104247,0.7272727272727273,0.03088803088803089
adata,584,17,18,0.02910958904109589,1.0588235294117647,0.030821917808219176
neomax,98,5,3,0.05102040816326531,0.6,0.030612244897959183
videx,131,6,4,0.04580152671755725,0.6666666666666666,0.030534351145038167
peakmeter,132,5,4,0.03787878787878788,0.8,0.030303030303030304
rivacase,99,4,3,0.04040404040404041,0.75,0.030303030303030304
proskit,66,2,2,0.030303030303030304,1.0,0.030303030303030304
qnap,33,1,1,0.030303030303030304,1.0,0.030303030303030304
sea,33,3,1,0.09090909090909091,0.3333333333333333,0.030303030303030304
wits,33,2,1,0.06060606060606061,0.5,0.030303030303030304
polaris,2482,108,75,0.043513295729250605,0.6944444444444444,0.030217566478646252
trust,298,2,9,0.006711409395973154,4.5,0.030201342281879196
roccat,605,34,18,0.05619834710743802,0.5294117647058824,0.02975206611570248
dell,910,42,27,0.046153846153846156,0.6428571428571429,0.02967032967032967
ippon,719,28,21,0.03894297635605007,0.75,0.02920723226703755
synology,104,4,3,0.038461538461538464,0.75,0.028846153846153848
ritmix,3966,154,114,0.038830055471507814,0.7402597402597403,0.028744326777609682
ajax,35,2,1,0.05714285714285714,0.5,0.02857142857142857
tantos,35,1,1,0.02857142857142857,1.0,0.02857142857142857
kitfort,5990,225,169,0.037562604340567615,0.7511111111111111,0.028213689482470786
mechanic,321,12,9,0.037383177570093455,0.75,0.028037383177570093
realme,359,29,10,0.0807799442896936,0.3448275862068966,0.027855153203342618
felisatti,684,26,19,0.038011695906432746,0.7307692307692307,0.027777777777777776
swat,1558,46,43,0.029525032092426188,0.9347826086956522,0.027599486521181
defender,1822,93,50,0.05104281009879254,0.5376344086021505,0.027442371020856202
nubia,185,6,5,0.032432432432432434,0.8333333333333334,0.02702702702702703
elago,37,1,1,0.02702702702702703,1.0,0.02702702702702703
element,483,19,13,0.039337474120082816,0.6842105263157895,0.026915113871635612
intego,223,6,6,0.026905829596412557,1.0,0.026905829596412557
ark,2464,143,66,0.05803571428571429,0.46153846153846156,0.026785714285714284
wharfedale,150,14,4,0.09333333333333334,0.2857142857142857,0.02666666666666667
arian,451,30,12,0.06651884700665188,0.4,0.026607538802660754
wacom,490,20,13,0.04081632653061224,0.65,0.026530612244897958
makita,2770,118,73,0.04259927797833935,0.6186440677966102,0.02635379061371841
zte,724,32,19,0.04419889502762431,0.59375,0.026243093922651933
hyundai,3054,113,80,0.03700065487884741,0.7079646017699115,0.02619515389652914
cisco,153,1,4,0.006535947712418301,4.0,0.026143790849673203
buro,957,38,25,0.03970741901776385,0.6578947368421053,0.02612330198537095
aerocool,3258,170,84,0.0521792510742787,0.49411764705882355,0.02578268876611418
molex,39,2,1,0.05128205128205128,0.5,0.02564102564102564
janome,4839,196,124,0.040504236412481916,0.6326530612244898,0.025625129158917133
bbk,6986,290,176,0.04151159461780704,0.6068965517241379,0.02519324363011738
xiaomi,6616,347,165,0.052448609431680775,0.4755043227665706,0.024939540507859733
hitachi,121,3,3,0.024793388429752067,1.0,0.024793388429752067
ion,123,5,3,0.04065040650406504,0.6,0.024390243902439025
vr,41,1,1,0.024390243902439025,1.0,0.024390243902439025
nzxt,124,7,3,0.056451612903225805,0.42857142857142855,0.024193548387096774
powerman,291,9,7,0.030927835051546393,0.7777777777777778,0.024054982817869417
hikvision,168,4,4,0.023809523809523808,1.0,0.023809523809523808
sho-me,802,27,19,0.03366583541147132,0.7037037037037037,0.02369077306733167
panasonic,11326,383,268,0.033815998587321205,0.6997389033942559,0.02366236976867385
ginzzu,1312,90,31,0.06859756097560976,0.34444444444444444,0.023628048780487805
leeco,594,37,14,0.06228956228956229,0.3783783783783784,0.02356902356902357
remax,681,20,16,0.02936857562408223,0.8,0.023494860499265784
ismartdigi,86,3,2,0.03488372093023256,0.6666666666666666,0.023255813953488372
turbokids,43,2,1,0.046511627906976744,0.5,0.023255813953488372
robiton,131,5,3,0.03816793893129771,0.6,0.022900763358778626
alcatel,2200,98,50,0.04454545454545455,0.5102040816326531,0.022727272727272728
prestigio,220,4,5,0.01818181818181818,1.25,0.022727272727272728
oneplus,44,1,1,0.022727272727272728,1.0,0.022727272727272728
exegate,1593,77,36,0.04833647206528562,0.4675324675324675,0.022598870056497175
redmond,4492,131,101,0.029162956366874444,0.7709923664122137,0.022484416740872662
allocacoc,89,3,2,0.033707865168539325,0.6666666666666666,0.02247191011235955
laut,45,2,1,0.044444444444444446,0.5,0.022222222222222223
baseus,978,27,21,0.027607361963190184,0.7777777777777778,0.02147239263803681
tp-link,1926,57,41,0.029595015576323987,0.7192982456140351,0.021287642782969886
gp,235,3,5,0.01276595744680851,1.6666666666666667,0.02127659574468085
araree,471,13,10,0.027600849256900213,0.7692307692307693,0.021231422505307854
deppa,95,3,2,0.031578947368421054,0.6666666666666666,0.021052631578947368
wize,48,1,1,0.020833333333333332,1.0,0.020833333333333332
smarterra,386,10,8,0.025906735751295335,0.8,0.02072538860103627
mirex,98,1,2,0.01020408163265306,2.0,0.02040816326530612
wiiix,50,4,1,0.08,0.25,0.02
perfeo,2069,51,41,0.024649589173513776,0.803921568627451,0.019816336394393428
powercom,356,7,7,0.019662921348314606,1.0,0.019662921348314606
cyberpower,368,9,7,0.024456521739130436,0.7777777777777778,0.019021739130434784
d-link,790,18,15,0.02278481012658228,0.8333333333333334,0.0189873417721519
jonnesway,212,11,4,0.05188679245283019,0.36363636363636365,0.018867924528301886
rexel,53,2,1,0.03773584905660377,0.5,0.018867924528301886
aura,531,19,10,0.035781544256120526,0.5263157894736842,0.018832391713747645
easyprint,587,20,11,0.034071550255536626,0.55,0.018739352640545145
inoi,427,7,8,0.01639344262295082,1.1428571428571428,0.01873536299765808
eurolux,107,4,2,0.037383177570093455,0.5,0.018691588785046728
scher-khan,1034,24,19,0.02321083172147002,0.7916666666666666,0.0183752417794971
proconnect,55,1,1,0.01818181818181818,1.0,0.01818181818181818
singer,332,10,6,0.030120481927710843,0.6,0.018072289156626505
lg,6412,195,114,0.030411728009981286,0.5846153846153846,0.017779164067373673
orient,1981,42,35,0.02120141342756184,0.8333333333333334,0.0176678445229682
supermicro,803,25,14,0.031133250311332503,0.56,0.017434620174346202
sony,6460,201,112,0.031114551083591332,0.5572139303482587,0.0173374613003096
espada,983,37,17,0.03763987792472025,0.4594594594594595,0.017293997965412006
huter,1793,60,31,0.03346346904629113,0.5166666666666667,0.01728945900725042
c-media,117,2,2,0.017094017094017096,1.0,0.017094017094017096
b.well,942,29,16,0.03078556263269639,0.5517241379310345,0.016985138004246284
telefunken,298,10,5,0.03355704697986577,0.5,0.016778523489932886
telecom,657,23,11,0.0350076103500761,0.4782608695652174,0.0167427701674277
cablexpert,538,15,9,0.027881040892193308,0.6,0.016728624535315983
a-data,60,1,1,0.016666666666666666,1.0,0.016666666666666666
dahua,60,1,1,0.016666666666666666,1.0,0.016666666666666666
fellowes,242,8,4,0.03305785123966942,0.5,0.01652892561983471
kraft,182,3,3,0.016483516483516484,1.0,0.016483516483516484
eva,790,15,13,0.0189873417721519,0.8666666666666667,0.016455696202531647
sky,365,12,6,0.03287671232876712,0.5,0.01643835616438356
goot,61,2,1,0.03278688524590164,0.5,0.01639344262295082
playme,490,13,8,0.026530612244897958,0.6153846153846154,0.0163265306122449
kobra,62,2,1,0.03225806451612903,0.5,0.016129032258064516
neoline,749,17,12,0.022696929238985315,0.7058823529411765,0.01602136181575434
aopen,127,4,2,0.031496062992125984,0.5,0.015748031496062992
necchi,191,9,3,0.04712041884816754,0.3333333333333333,0.015706806282722512
sunshine,65,1,1,0.015384615384615385,1.0,0.015384615384615385
w.e.p.,132,4,2,0.030303030303030304,0.5,0.015151515151515152
tdm,66,2,1,0.030303030303030304,0.5,0.015151515151515152
philips,5114,163,77,0.03187328901055925,0.4723926380368098,0.015056707078607743
gembird,872,25,13,0.028669724770642203,0.52,0.014908256880733946
kaisi,739,13,11,0.017591339648173207,0.8461538461538461,0.014884979702300407
lenovo,1411,45,21,0.031892274982282066,0.4666666666666667,0.014883061658398299
qcyber,202,11,3,0.054455445544554455,0.2727272727272727,0.01485148514851485
holder,138,2,2,0.014492753623188406,1.0,0.014492753623188406
hpe,69,2,1,0.028985507246376812,0.5,0.014492753623188406
greenworks,139,7,2,0.050359712230215826,0.2857142857142857,0.014388489208633094
svc,140,5,2,0.03571428571428571,0.4,0.014285714285714285
hyperline,142,9,2,0.06338028169014084,0.2222222222222222,0.014084507042253521
deepcool,3698,99,52,0.026771227690643593,0.5252525252525253,0.014061654948620876
pitaka,432,18,6,0.041666666666666664,0.3333333333333333,0.013888888888888888
celebrat,219,3,3,0.0136986301369863,1.0,0.0136986301369863
patriot,2918,75,39,0.02570253598355038,0.52,0.013365318711446196
csb,75,6,1,0.08,0.16666666666666666,0.013333333333333334
artway,378,8,5,0.021164021164021163,0.625,0.013227513227513227
cobra,76,1,1,0.013157894736842105,1.0,0.013157894736842105
thermos,233,3,3,0.012875536480686695,1.0,0.012875536480686695
coteetci,313,10,4,0.03194888178913738,0.4,0.012779552715654952
fit,160,2,2,0.0125,1.0,0.0125
dji,241,5,3,0.02074688796680498,0.6,0.012448132780082987
tcl,403,6,5,0.01488833746898263,0.8333333333333334,0.01240694789081886
wk,566,12,7,0.02120141342756184,0.5833333333333334,0.012367491166077738
lexar,244,9,3,0.036885245901639344,0.3333333333333333,0.012295081967213115
jpn,245,7,3,0.02857142857142857,0.42857142857142855,0.012244897959183673
vitherum,83,2,1,0.024096385542168676,0.5,0.012048192771084338
jaguar,167,6,2,0.03592814371257485,0.3333333333333333,0.011976047904191617
sinbo,677,14,8,0.0206794682422452,0.5714285714285714,0.011816838995568686
cet,171,6,2,0.03508771929824561,0.3333333333333333,0.011695906432748537
megaopt,258,4,3,0.015503875968992248,0.75,0.011627906976744186
bion,172,5,2,0.029069767441860465,0.4,0.011627906976744186
erisson,174,4,2,0.022988505747126436,0.5,0.011494252873563218
oxion,87,2,1,0.022988505747126436,0.5,0.011494252873563218
yihua,88,4,1,0.045454545454545456,0.25,0.011363636363636364
interpower,353,4,4,0.0113314447592068,1.0,0.0113314447592068
jxd,89,1,1,0.011235955056179775,1.0,0.011235955056179775
oral-b,180,2,2,0.011111111111111112,1.0,0.011111111111111112
iek,451,8,5,0.017738359201773836,0.625,0.011086474501108648
midea,363,3,4,0.008264462809917356,1.3333333333333333,0.011019283746556474
merrylock,638,21,7,0.032915360501567396,0.3333333333333333,0.0109717868338558
gfgril,93,1,1,0.010752688172043012,1.0,0.010752688172043012
victorinox,190,2,2,0.010526315789473684,1.0,0.010526315789473684
uyue,95,2,1,0.021052631578947368,0.5,0.010526315789473684
lexmark,1922,29,18,0.015088449531737774,0.6206896551724138,0.009365244536940686
microlab,645,14,6,0.021705426356589147,0.42857142857142855,0.009302325581395349
meizu,323,10,3,0.030959752321981424,0.3,0.009287925696594427
brand-rex,108,1,1,0.009259259259259259,1.0,0.009259259259259259
scarlett,1206,23,10,0.019071310116086235,0.43478260869565216,0.008291873963515755
honor,1555,41,12,0.026366559485530548,0.2926829268292683,0.0077170418006430866
dendy,130,2,1,0.015384615384615385,0.5,0.007692307692307693
multitronics,921,14,7,0.01520086862106406,0.5,0.00760043431053203
trendvision,132,1,1,0.007575757575757576,1.0,0.007575757575757576
nikon,536,7,4,0.013059701492537313,0.5714285714285714,0.007462686567164179
flexis,136,1,1,0.007352941176470588,1.0,0.007352941176470588
tomahawk,138,1,1,0.007246376811594203,1.0,0.007246376811594203
vcom,558,15,4,0.026881720430107527,0.26666666666666666,0.007168458781362007
nokia,1877,38,13,0.020245071923281833,0.34210526315789475,0.006925945657964837
borofone,292,0,2,0.0,0.0,0.00684931506849315
thomson,294,7,2,0.023809523809523808,0.2857142857142857,0.006802721088435374
gamemax,744,27,5,0.036290322580645164,0.18518518518518517,0.006720430107526882
wiwu,304,4,2,0.013157894736842105,0.5,0.006578947368421052
stanley,162,8,1,0.04938271604938271,0.125,0.006172839506172839
vehicle,493,11,3,0.02231237322515213,0.2727272727272727,0.006085192697768763
bq,684,10,4,0.014619883040935672,0.4,0.005847953216374269
beurer,920,5,5,0.005434782608695652,1.0,0.005434782608695652
apc,184,1,1,0.005434782608695652,1.0,0.005434782608695652
jet,928,8,5,0.008620689655172414,0.625,0.005387931034482759
delta,388,3,2,0.007731958762886598,0.6666666666666666,0.005154639175257732
mystery,391,6,2,0.015345268542199489,0.3333333333333333,0.005115089514066497
solins,198,2,1,0.010101010101010102,0.5,0.005050505050505051
karcher,843,6,4,0.0071174377224199285,0.6666666666666666,0.004744958481613286
thomas,2131,15,10,0.0070389488503050214,0.6666666666666666,0.004692632566870014
winard,214,13,1,0.06074766355140187,0.07692307692307693,0.004672897196261682
most,219,4,1,0.0182648401826484,0.25,0.0045662100456621
maono,915,18,4,0.019672131147540985,0.2222222222222222,0.004371584699453552
xp-pen,240,5,1,0.020833333333333332,0.2,0.004166666666666667
tefal,729,5,3,0.006858710562414266,0.6,0.00411522633744856
stayer,252,3,1,0.011904761904761904,0.3333333333333333,0.003968253968253968
oppo,254,3,1,0.011811023622047244,0.3333333333333333,0.003937007874015748
ecola,262,7,1,0.026717557251908396,0.14285714285714285,0.003816793893129771
harper,862,10,3,0.01160092807424594,0.3,0.0034802784222737818
intro,314,5,1,0.01592356687898089,0.2,0.0031847133757961785
supra,718,10,2,0.013927576601671309,0.2,0.002785515320334262
belkin,362,9,1,0.024861878453038673,0.1111111111111111,0.0027624309392265192
alligator,429,9,1,0.02097902097902098,0.1111111111111111,0.002331002331002331
strike,953,12,2,0.012591815320041973,0.16666666666666666,0.002098635886673662
selenga,543,2,1,0.003683241252302026,0.5,0.001841620626151013
titan,569,7,1,0.012302284710017574,0.14285714285714285,0.0017574692442882249
redmi,604,14,1,0.023178807947019868,0.07142857142857142,0.0016556291390728477
delonghi,716,2,1,0.002793296089385475,0.5,0.0013966480446927375
acct,2,0,0,0.0,0.0,0.0
achi,13,0,0,0.0,0.0,0.0
acorp,3,0,0,0.0,0.0,0.0
acqua,2,0,0,0.0,0.0,0.0
activecam,4,0,0,0.0,0.0,0.0
activision,3,1,0,0.3333333333333333,0.0,0.0
adaptec,7,1,0,0.14285714285714285,0.0,0.0
aimoto,10,0,0,0.0,0.0,0.0
airmax,68,0,0,0.0,0.0,0.0
airwheel,32,0,0,0.0,0.0,0.0
akel,95,0,0,0.0,0.0,0.0
akenori,5,0,0,0.0,0.0,0.0
alan,7,0,0,0.0,0.0,0.0
alfa,127,0,0,0.0,0.0,0.0
alienware,20,0,0,0.0,0.0,0.0
alpenkok,4,0,0,0.0,0.0,0.0
amazfit,821,5,0,0.0060901339829476245,0.0,0.0
amtech,2,0,0,0.0,0.0,0.0
andis,41,0,0,0.0,0.0,0.0
anl,1,0,0,0.0,0.0,0.0
anymode,4,0,0,0.0,0.0,0.0
aorus,2,0,0,0.0,0.0,0.0
aosenma,15,0,0,0.0,0.0,0.0
apexto,1,0,0,0.0,0.0,0.0
arctic,9,1,0,0.1111111111111111,0.0,0.0
asahi,7,0,0,0.0,0.0,0.0
astralux,10,0,0,0.0,0.0,0.0
asustor,37,0,0,0.0,0.0,0.0
asx,7,0,0,0.0,0.0,0.0
aten,45,1,0,0.022222222222222223,0.0,0.0
atis,18,0,0,0.0,0.0,0.0
auchan,19,0,0,0.0,0.0,0.0
audio-technica,133,2,0,0.015037593984962405,0.0,0.0
autobot,1,0,0,0.0,0.0,0.0
autoprofi,2,0,0,0.0,0.0,0.0
avengers,7,0,0,0.0,0.0,0.0
avermedia,9,0,0,0.0,0.0,0.0
avinity,3,0,0,0.0,0.0,0.0
avis,23,0,0,0.0,0.0,0.0
avision,39,2,0,0.05128205128205128,0.0,0.0
axon,9,0,0,0.0,0.0,0.0
bakon,12,0,0,0.0,0.0,0.0
baku,82,0,0,0.0,0.0,0.0
ballet,1,0,0,0.0,0.0,0.0
ballu,78,2,0,0.02564102564102564,0.0,0.0
baofeng,166,0,0,0.0,0.0,0.0
barva,4,0,0,0.0,0.0,0.0
battleground,20,0,0,0.0,0.0,0.0
bayerhoff,2,0,0,0.0,0.0,0.0
bb,3,0,0,0.0,0.0,0.0
beats,25,0,0,0.0,0.0,0.0
beecaro,12,0,0,0.0,0.0,0.0
behpex,122,3,0,0.02459016393442623,0.0,0.0
beko,25,0,0,0.0,0.0,0.0
bellavita,4,0,0,0.0,0.0,0.0
belsis,70,1,0,0.014285714285714285,0.0,0.0
bento,1,0,0,0.0,0.0,0.0
beward,1,0,0,0.0,0.0,0.0
biostal,42,0,0,0.0,0.0,0.0
bkt,2,0,0,0.0,0.0,0.0
blaupunkt,16,0,0,0.0,0.0,0.0
boneco,28,1,0,0.03571428571428571,0.0,0.0
boyscout,5,0,0,0.0,0.0,0.0
bracket,18,0,0,0.0,0.0,0.0
bradex,80,0,0,0.0,0.0,0.0
braun,836,2,0,0.0023923444976076554,0.0,0.0
bresser,28,0,0,0.0,0.0,0.0
brita,20,2,0,0.1,0.0,0.0
btcdigger,4,0,0,0.0,0.0,0.0
buttkicker,28,1,0,0.03571428571428571,0.0,0.0
bwt,4,0,0,0.0,0.0,0.0
cadena,51,0,0,0.0,0.0,0.0
camping,32,0,0,0.0,0.0,0.0
campingaz,8,0,0,0.0,0.0,0.0
canton,83,0,0,0.0,0.0,0.0
capdase,4,0,0,0.0,0.0,0.0
carmega,26,0,0,0.0,0.0,0.0
carrefour,28,0,0,0.0,0.0,0.0
carver,108,0,0,0.0,0.0,0.0
cassida,1,0,0,0.0,0.0,0.0
casual,3,0,0,0.0,0.0,0.0
caterpillar,49,0,0,0.0,0.0,0.0
cem,6,0,0,0.0,0.0,0.0
cenmax,104,2,0,0.019230769230769232,0.0,0.0
centek,958,2,0,0.0020876826722338203,0.0,0.0
cipherlab,1,0,0,0.0,0.0,0.0
citizen,46,0,0,0.0,0.0,0.0
cleanfix,8,0,0,0.0,0.0,0.0
cnd,35,0,0,0.0,0.0,0.0
college,26,0,0,0.0,0.0,0.0
coolpad,7,0,0,0.0,0.0,0.0
coroplast,57,1,0,0.017543859649122806,0.0,0.0
cozistyle,6,0,0,0.0,0.0,0.0
craftmann,8,1,0,0.125,0.0,0.0
crownman,40,0,0,0.0,0.0,0.0
crumpler,10,0,0,0.0,0.0,0.0
cw,62,0,0,0.0,0.0,0.0
cybertek,4,0,0,0.0,0.0,0.0
d-color,195,1,0,0.005128205128205128,0.0,0.0
da,5,0,0,0.0,0.0,0.0
datalogic,20,2,0,0.1,0.0,0.0
dato,11,0,0,0.0,0.0,0.0
davinci,109,1,0,0.009174311926605505,0.0,0.0
dccraft,16,0,0,0.0,0.0,0.0
deli,15,0,0,0.0,0.0,0.0
delux,13,0,0,0.0,0.0,0.0
denon,146,0,0,0.0,0.0,0.0
dexx,10,0,0,0.0,0.0,0.0
df,6,0,0,0.0,0.0,0.0
digis,7,0,0,0.0,0.0,0.0
diolex,7,0,0,0.0,0.0,0.0
docash,1,0,0,0.0,0.0,0.0
dockcase,42,0,0,0.0,0.0,0.0
dolmer,5,0,0,0.0,0.0,0.0
dremel,86,0,0,0.0,0.0,0.0
dsk,345,1,0,0.002898550724637681,0.0,0.0
e-blue,8,0,0,0.0,0.0,0.0
eaton,45,0,0,0.0,0.0,0.0
econ,12,0,0,0.0,0.0,0.0
edge,150,4,0,0.02666666666666667,0.0,0.0
edimax,1,0,0,0.0,0.0,0.0
edisson,1,0,0,0.0,0.0,0.0
egreat,69,0,0,0.0,0.0,0.0
elari,47,0,0,0.0,0.0,0.0
electrolux,26,0,0,0.0,0.0,0.0
electronicsdeluxe,57,1,0,0.017543859649122806,0.0,0.0
elekta,1,0,0,0.0,0.0,0.0
eltax,107,3,0,0.028037383177570093,0.0,0.0
emtec,3,0,0,0.0,0.0,0.0
endever,787,2,0,0.0025412960609911056,0.0,0.0
energizer,18,1,0,0.05555555555555555,0.0,0.0
energy,558,0,0,0.0,0.0,0.0
enermax,42,0,0,0.0,0.0,0.0
engenius,16,1,0,0.0625,0.0,0.0
engy,44,0,0,0.0,0.0,0.0
escene,4,0,0,0.0,0.0,0.0
euroflex,1,0,0,0.0,0.0,0.0
evga,16,0,0,0.0,0.0,0.0
exployd,205,4,0,0.01951219512195122,0.0,0.0
ezviz,57,1,0,0.017543859649122806,0.0,0.0
fantasy,1,0,0,0.0,0.0,0.0
fastcharger,13,0,0,0.0,0.0,0.0
faura,6,0,0,0.0,0.0,0.0
fengshou,15,0,0,0.0,0.0,0.0
fibaro,6,0,0,0.0,0.0,0.0
fiesta,28,0,0,0.0,0.0,0.0
fiio,105,0,0,0.0,0.0,0.0
filtero,2,0,0,0.0,0.0,0.0
first,55,1,0,0.01818181818181818,0.0,0.0
fiskars,3,0,0,0.0,0.0,0.0
fli,20,0,0,0.0,0.0,0.0
fly,301,1,0,0.0033222591362126247,0.0,0.0
forward,47,0,0,0.0,0.0,0.0
foxconn,2,0,0,0.0,0.0,0.0
foxweld,18,0,0,0.0,0.0,0.0
fractal,116,1,0,0.008620689655172414,0.0,0.0
fsp,11,0,0,0.0,0.0,0.0
fujifilm,3,0,0,0.0,0.0,0.0
fujitsu,1,0,0,0.0,0.0,0.0
fukai,20,0,0,0.0,0.0,0.0
g-case,1,0,0,0.0,0.0,0.0
galanz,39,2,0,0.05128205128205128,0.0,0.0
galaxy,189,0,0,0.0,0.0,0.0
gamerstorm,5,0,0,0.0,0.0,0.0
gamevice,15,0,0,0.0,0.0,0.0
ganzo,4,0,0,0.0,0.0,0.0
gaoke,4,0,0,0.0,0.0,0.0
gardena,163,1,0,0.006134969325153374,0.0,0.0
gauss,100,3,0,0.03,0.0,0.0
gazer,19,0,0,0.0,0.0,0.0
geha,6,0,0,0.0,0.0,0.0
geil,1,0,0,0.0,0.0,0.0
gerber,23,1,0,0.043478260869565216,0.0,0.0
giaretti,2,0,0,0.0,0.0,0.0
gigalink,26,0,0,0.0,0.0,0.0
glacialtech,20,0,0,0.0,0.0,0.0
gmini,125,0,0,0.0,0.0,0.0
goldenberg,49,0,0,0.0,0.0,0.0
goodram,1,0,0,0.0,0.0,0.0
google,248,0,0,0.0,0.0,0.0
grandstream,45,0,0,0.0,0.0,0.0
greys,148,0,0,0.0,0.0,0.0
grinda,37,1,0,0.02702702702702703,0.0,0.0
h-tek,1,0,0,0.0,0.0,0.0
haff,6,0,0,0.0,0.0,0.0
hammer,2327,11,0,0.004727116458960034,0.0,0.0
hammerflex,8,0,0,0.0,0.0,0.0
hanlong,7,0,0,0.0,0.0,0.0
hanp,1,0,0,0.0,0.0,0.0
hansa,84,2,0,0.023809523809523808,0.0,0.0
hanskonner,99,2,0,0.020202020202020204,0.0,0.0
hartens,4,0,0,0.0,0.0,0.0
helfer,8,0,0,0.0,0.0,0.0
hercules,5,0,0,0.0,0.0,0.0
hideit,41,0,0,0.0,0.0,0.0
homestar,47,0,0,0.0,0.0,0.0
hometree,50,1,0,0.02,0.0,0.0
hoover,57,1,0,0.017543859649122806,0.0,0.0
horizont,145,2,0,0.013793103448275862,0.0,0.0
hotpoint-ariston,47,0,0,0.0,0.0,0.0
hsm,8,0,0,0.0,0.0,0.0
htc,146,1,0,0.00684931506849315,0.0,0.0
hualei,48,0,0,0.0,0.0,0.0
huion,198,4,0,0.020202020202020204,0.0,0.0
human,1,0,0,0.0,0.0,0.0
husqvarna,64,0,0,0.0,0.0,0.0
hyperjuice,1,0,0,0.0,0.0,0.0
iboto,35,0,0,0.0,0.0,0.0
icasemore,52,1,0,0.019230769230769232,0.0,0.0
iclebo,12,0,0,0.0,0.0,0.0
iconbit,4,0,0,0.0,0.0,0.0
iconik,7,1,0,0.14285714285714285,0.0,0.0
ifans,1,0,0,0.0,0.0,0.0
imou,6,0,0,0.0,0.0,0.0
in,25,0,0,0.0,0.0,0.0
incar,14,0,0,0.0,0.0,0.0
indesit,18,1,0,0.05555555555555555,0.0,0.0
infocus,6,0,0,0.0,0.0,0.0
infortrend,5,0,0,0.0,0.0,0.0
inkax,77,2,0,0.025974025974025976,0.0,0.0
inktec,9,0,0,0.0,0.0,0.0
integral,9,0,0,0.0,0.0,0.0
interos,6,0,0,0.0,0.0,0.0
intex,1,0,0,0.0,0.0,0.0
ionich,17,0,0,0.0,0.0,0.0
iottie,2,0,0,0.0,0.0,0.0
ip-com,5,0,0,0.0,0.0,0.0
ipearl,2,0,0,0.0,0.0,0.0
iqfuture,40,0,0,0.0,0.0,0.0
irit,212,0,0,0.0,0.0,0.0
isa,3,0,0,0.0,0.0,0.0
istorage,1,0,0,0.0,0.0,0.0
itk,24,0,0,0.0,0.0,0.0
ivon,1,0,0,0.0,0.0,0.0
jakemy,70,2,0,0.02857142857142857,0.0,0.0
jekod,1,0,0,0.0,0.0,0.0
jet.a,183,0,0,0.0,0.0,0.0
jett,7,0,0,0.0,0.0,0.0
jison,1,0,0,0.0,0.0,0.0
joyroom,65,1,0,0.015384615384615385,0.0,0.0
justice,4,0,0,0.0,0.0,0.0
kbt,46,0,0,0.0,0.0,0.0
kelli,788,3,0,0.0038071065989847717,0.0,0.0
kemper,7,0,0,0.0,0.0,0.0
kes,6,0,0,0.0,0.0,0.0
kester,96,0,0,0.0,0.0,0.0
keter,14,0,0,0.0,0.0,0.0
kivi,38,0,0,0.0,0.0,0.0
knipex,5,0,0,0.0,0.0,0.0
kodak,15,0,0,0.0,0.0,0.0
komfort,1,0,0,0.0,0.0,0.0
konoos,5,0,0,0.0,0.0,0.0
koogeek,66,0,0,0.0,0.0,0.0
koowheel,79,0,0,0.0,0.0,0.0
koss,83,0,0,0.0,0.0,0.0
kraftmark,11,0,0,0.0,0.0,0.0
kraftool,111,1,0,0.009009009009009009,0.0,0.0
kramer,1,0,0,0.0,0.0,0.0
krez,40,0,0,0.0,0.0,0.0
krups,61,0,0,0.0,0.0,0.0
ks-is,7,0,0,0.0,0.0,0.0
lacie,23,0,0,0.0,0.0,0.0
lamirel,6,0,0,0.0,0.0,0.0
lanmaster,5,0,0,0.0,0.0,0.0
lara,26,0,0,0.0,0.0,0.0
lazso,16,1,0,0.0625,0.0,0.0
leomax,1,0,0,0.0,0.0,0.0
leonord,2,0,0,0.0,0.0,0.0
levenhuk,89,0,0,0.0,0.0,0.0
lex,74,0,0,0.0,0.0,0.0
lexand,10,0,0,0.0,0.0,0.0
lifx,10,0,0,0.0,0.0,0.0
lighthouse,6,0,0,0.0,0.0,0.0
linkworld,55,0,0,0.0,0.0,0.0
lite-on,83,1,0,0.012048192771084338,0.0,0.0
lp,6,1,0,0.16666666666666666,0.0,0.0
lsi,20,0,0,0.0,0.0,0.0
lugaabrasiv,6,0,0,0.0,0.0,0.0
lumiix,1,0,0,0.0,0.0,0.0
luminarte,13,0,0,0.0,0.0,0.0
luphie,10,1,0,0.1,0.0,0.0
lux,4,0,0,0.0,0.0,0.0
luxell,121,0,0,0.0,0.0,0.0
lyambda,43,0,0,0.0,0.0,0.0
macuus,1,0,0,0.0,0.0,0.0
magistr,35,0,0,0.0,0.0,0.0
magnit,341,1,0,0.002932551319648094,0.0,0.0
maguse,10,0,0,0.0,0.0,0.0
mallony,110,1,0,0.00909090909090909,0.0,0.0
marshall,72,0,0,0.0,0.0,0.0
mastech,31,1,0,0.03225806451612903,0.0,0.0
master,6,0,0,0.0,0.0,0.0
maunfeld,16,2,0,0.125,0.0,0.0
max,114,0,0,0.0,0.0,0.0
maxcut,3,0,0,0.0,0.0,0.0
maxtor,1,0,0,0.0,0.0,0.0
maxwell,1,0,0,0.0,0.0,0.0
mcdodo,42,1,0,0.023809523809523808,0.0,0.0
meephone,2,0,0,0.0,0.0,0.0
melitta,315,1,0,0.0031746031746031746,0.0,0.0
mellanox,5,0,0,0.0,0.0,0.0
memumi,4,0,0,0.0,0.0,0.0
mercury,71,0,0,0.0,0.0,0.0
metalloni,5,0,0,0.0,0.0,0.0
microlife,69,0,0,0.0,0.0,0.0
micromax,67,0,0,0.0,0.0,0.0
microtek,3,0,0,0.0,0.0,0.0
midland,22,0,0,0.0,0.0,0.0
military,36,0,0,0.0,0.0,0.0
mio,155,0,0,0.0,0.0,0.0
mitsubishi,22,0,0,0.0,0.0,0.0
mobest,5,0,0,0.0,0.0,0.0
mobility,6,0,0,0.0,0.0,0.0
momax,88,1,0,0.011363636363636364,0.0,0.0
moniron,5,0,0,0.0,0.0,0.0
monsterpad,19,0,0,0.0,0.0,0.0
mophie,5,0,0,0.0,0.0,0.0
moshi,1,0,0,0.0,0.0,0.0
moulinex,392,2,0,0.00510204081632653,0.0,0.0
munkees,15,0,0,0.0,0.0,0.0
mustek,50,0,0,0.0,0.0,0.0
myantenna,2,0,0,0.0,0.0,0.0
mykronoz,95,3,0,0.031578947368421054,0.0,0.0
myriwell,12,0,0,0.0,0.0,0.0
nakamichi,4,0,0,0.0,0.0,0.0
nakatomi,64,3,0,0.046875,0.0,0.0
navan,37,1,0,0.02702702702702703,0.0,0.0
navitoch,28,0,0,0.0,0.0,0.0
ncl,4,0,0,0.0,0.0,0.0
nec,23,0,0,0.0,0.0,0.0
neoclima,39,0,0,0.0,0.0,0.0
neon-night,285,0,0,0.0,0.0,0.0
netgear,8,0,0,0.0,0.0,0.0
nika,30,0,0,0.0,0.0,0.0
nillkin,1,0,0,0.0,0.0,0.0
ninebot,13,1,0,0.07692307692307693,0.0,0.0
ningbo,122,2,0,0.01639344262295082,0.0,0.0
nintendo,18,1,0,0.05555555555555555,0.0,0.0
nobby,126,0,0,0.0,0.0,0.0
noirot,20,1,0,0.05,0.0,0.0
noname,13,0,0,0.0,0.0,0.0
oasis,3,0,0,0.0,0.0,0.0
oce,4,0,0,0.0,0.0,0.0
ogden,3,1,0,0.3333333333333333,0.0,0.0
oldi,4,0,0,0.0,0.0,0.0
olsa,1,0,0,0.0,0.0,0.0
olto,26,0,0,0.0,0.0,0.0
olympus,38,2,0,0.05263157894736842,0.0,0.0
optima,2,0,0,0.0,0.0,0.0
optimus,8,0,0,0.0,0.0,0.0
orico,189,2,0,0.010582010582010581,0.0,0.0
osram,10,1,0,0.1,0.0,0.0
oukitel,6,0,0,0.0,0.0,0.0
outdoor,3,0,0,0.0,0.0,0.0
oxo,2,0,0,0.0,0.0,0.0
ozaki,1,0,0,0.0,0.0,0.0
ozone,24,0,0,0.0,0.0,0.0
panduit,5,0,0,0.0,0.0,0.0
paprcuts,35,1,0,0.02857142857142857,0.0,0.0
park,8,0,0,0.0,0.0,0.0
parlux,20,1,0,0.05,0.0,0.0
pengfa,42,0,0,0.0,0.0,0.0
pero,3,0,0,0.0,0.0,0.0
pgytech,20,0,0,0.0,0.0,0.0
phantom,201,1,0,0.004975124378109453,0.0,0.0
photofast,18,0,0,0.0,0.0,0.0
picard,1,0,0,0.0,0.0,0.0
piquadro,130,1,0,0.007692307692307693,0.0,0.0
plustek,9,0,0,0.0,0.0,0.0
pny,39,0,0,0.0,0.0,0.0
pockets,2,0,0,0.0,0.0,0.0
powercase,4,0,0,0.0,0.0,0.0
powerware,55,0,0,0.0,0.0,0.0
pozitiv,1,0,0,0.0,0.0,0.0
primeline,5,0,0,0.0,0.0,0.0
pro,15,0,0,0.0,0.0,0.0
proda,11,0,0,0.0,0.0,0.0
promo,5,0,0,0.0,0.0,0.0
pullman,25,0,0,0.0,0.0,0.0
quantoom,62,0,0,0.0,0.0,0.0
raco,29,0,0,0.0,0.0,0.0
raidmax,27,0,0,0.0,0.0,0.0
razer,22,0,0,0.0,0.0,0.0
recardo,5,0,0,0.0,0.0,0.0
red,7,0,0,0.0,0.0,0.0
relife,20,0,0,0.0,0.0,0.0
remaks,1,0,0,0.0,0.0,0.0
remington,14,0,0,0.0,0.0,0.0
revolter,45,0,0,0.0,0.0,0.0
riva,39,0,0,0.0,0.0,0.0
rolsen,6,0,0,0.0,0.0,0.0
romoss,40,1,0,0.025,0.0,0.0
rondell,13,1,0,0.07692307692307693,0.0,0.0
rotring,57,0,0,0.0,0.0,0.0
rovermate,7,0,0,0.0,0.0,0.0
rowenta,262,4,0,0.015267175572519083,0.0,0.0
royal,16,0,0,0.0,0.0,0.0
rubetek,44,1,0,0.022727272727272728,0.0,0.0
rusflux,5,0,0,0.0,0.0,0.0
saeco,31,0,0,0.0,0.0,0.0
samsonite,16,0,0,0.0,0.0,0.0
sanitas,50,2,0,0.04,0.0,0.0
sanyo,2,0,0,0.0,0.0,0.0
saturn,15,0,0,0.0,0.0,0.0
sbs,35,0,0,0.0,0.0,0.0
sceye,36,0,0,0.0,0.0,0.0
scoole,15,0,0,0.0,0.0,0.0
scovo,15,0,0,0.0,0.0,0.0
screenmedia,7,0,0,0.0,0.0,0.0
sharkoon,2,0,0,0.0,0.0,0.0
sharp,410,2,0,0.004878048780487805,0.0,0.0
sheriff,131,1,0,0.007633587786259542,0.0,0.0
shivaki,33,0,0,0.0,0.0,0.0
siemens,6,0,0,0.0,0.0,0.0
silex,16,0,0,0.0,0.0,0.0
silverstone,159,3,0,0.018867924528301886,0.0,0.0
silwerhof,4,0,0,0.0,0.0,0.0
sjcam,3,0,0,0.0,0.0,0.0
skiff,10,0,0,0.0,0.0,0.0
skynet,21,0,0,0.0,0.0,0.0
skyworth,73,0,0,0.0,0.0,0.0
sleepphones,66,0,0,0.0,0.0,0.0
smarttools,1,0,0,0.0,0.0,0.0
smile,31,0,0,0.0,0.0,0.0
smtt,44,0,0,0.0,0.0,0.0
snr,2,0,0,0.0,0.0,0.0
solarbox,10,0,0,0.0,0.0,0.0
soundmax,155,4,0,0.025806451612903226,0.0,0.0
sparco,23,0,0,0.0,0.0,0.0
sparks,24,0,0,0.0,0.0,0.0
sparky,5,0,0,0.0,0.0,0.0
speedlink,2,0,0,0.0,0.0,0.0
spl,8,0,0,0.0,0.0,0.0
sprintus,1,0,0,0.0,0.0,0.0
st-lab,2,0,0,0.0,0.0,0.0
starline,95,0,0,0.0,0.0,0.0
steel,6,0,0,0.0,0.0,0.0
steinel,3,0,0,0.0,0.0,0.0
stlab,1,0,0,0.0,0.0,0.0
street,3,0,0,0.0,0.0,0.0
sumdex,152,0,0,0.0,0.0,0.0
sunpro,6,0,0,0.0,0.0,0.0
switcheasy,1,0,0,0.0,0.0,0.0
syma,106,1,0,0.009433962264150943,0.0,0.0
tactix,4,0,0,0.0,0.0,0.0
taonga,5,0,0,0.0,0.0,0.0
teco,61,0,0,0.0,0.0,0.0
tedbaker,10,0,0,0.0,0.0,0.0
tesla,24,0,0,0.0,0.0,0.0
tesler,21,0,0,0.0,0.0,0.0
texet,198,2,0,0.010101010101010102,0.0,0.0
thermacell,49,0,0,0.0,0.0,0.0
thetford,256,0,0,0.0,0.0,0.0
thinmax,3,0,0,0.0,0.0,0.0
thorvik,3,0,0,0.0,0.0,0.0
thronmax,18,1,0,0.05555555555555555,0.0,0.0
thrustmaster,5,0,0,0.0,0.0,0.0
thule,14,0,0,0.0,0.0,0.0
tiger,35,0,0,0.0,0.0,0.0
timberk,313,2,0,0.006389776357827476,0.0,0.0
tm,2,0,0,0.0,0.0,0.0
totolink,31,0,0,0.0,0.0,0.0
tranking,6,0,0,0.0,0.0,0.0
trendnet,12,0,0,0.0,0.0,0.0
tt,25,2,0,0.08,0.0,0.0
tuarex,65,0,0,0.0,0.0,0.0
tv-com,18,0,0,0.0,0.0,0.0
twinkly,792,2,0,0.0025252525252525255,0.0,0.0
tws,6,0,0,0.0,0.0,0.0
twt,43,1,0,0.023255813953488372,0.0,0.0
ubtech,26,0,0,0.0,0.0,0.0
ufc,4,0,0,0.0,0.0,0.0
ugreen,6,0,0,0.0,0.0,0.0
ultraflash,148,1,0,0.006756756756756757,0.0,0.0
uni-t,25,0,0,0.0,0.0,0.0
unibob,3,0,0,0.0,0.0,0.0
unify,14,0,0,0.0,0.0,0.0
unit,508,0,0,0.0,0.0,0.0
unv,14,0,0,0.0,0.0,0.0
upvel,31,0,0,0.0,0.0,0.0
uragan,7,0,0,0.0,0.0,0.0
urbano,10,0,0,0.0,0.0,0.0
valera,26,0,0,0.0,0.0,0.0
vari,25,0,0,0.0,0.0,0.0
varta,9,0,0,0.0,0.0,0.0
ventura,2,0,0,0.0,0.0,0.0
verbatim,184,1,0,0.005434782608695652,0.0,0.0
vertex,1,0,0,0.0,0.0,0.0
vetus,2,0,0,0.0,0.0,0.0
videovox,1,0,0,0.0,0.0,0.0
vigilant,37,0,0,0.0,0.0,0.0
vigor,72,0,0,0.0,0.0,0.0
vikend,11,0,0,0.0,0.0,0.0
vitek,1,0,0,0.0,0.0,0.0
vitesse,1,0,0,0.0,0.0,0.0
vs,1,0,0,0.0,0.0,0.0
vstarcam,3,0,0,0.0,0.0,0.0
wahl,114,4,0,0.03508771929824561,0.0,0.0
webber,11,0,0,0.0,0.0,0.0
wester,175,0,0,0.0,0.0,0.0
whirlpool,40,0,0,0.0,0.0,0.0
wietus,1,0,0,0.0,0.0,0.0
willmark,140,0,0,0.0,0.0,0.0
wispen,16,0,0,0.0,0.0,0.0
wuw,2,0,0,0.0,0.0,0.0
wwq,1,0,0,0.0,0.0,0.0
x-try,6,0,0,0.0,0.0,0.0
xdm,9,1,0,0.1111111111111111,0.0,0.0
xtrememac,5,0,0,0.0,0.0,0.0
yaesu,19,0,0,0.0,0.0,0.0
yamaha,197,0,0,0.0,0.0,0.0
yealink,40,1,0,0.025,0.0,0.0
yison,5,0,0,0.0,0.0,0.0
yoobao,5,0,0,0.0,0.0,0.0
yuasa,12,0,0,0.0,0.0,0.0
zencha,10,0,0,0.0,0.0,0.0
zenet,22,0,0,0.0,0.0,0.0
zens,1,0,0,0.0,0.0,0.0
zeon,6,0,0,0.0,0.0,0.0
zepter,90,0,0,0.0,0.0,0.0
zhengte,106,0,0,0.0,0.0,0.0
zhongdi,124,2,0,0.016129032258064516,0.0,0.0
zikko,8,0,0,0.0,0.0,0.0
zimber,9,0,0,0.0,0.0,0.0
zis,17,1,0,0.058823529411764705,0.0,0.0
zmi,3,0,0,0.0,0.0,0.0
zoweetek,8,0,0,0.0,0.0,0.0
zowie,12,0,0,0.0,0.0,0.0
